"ethnicity","patient_count","obs_score"
"African                                                                                                                                                                                                 ","324","20.1320754716981132"
"Asian                                                                                                                                                                                                   ","386","21.0241286863270777"
"Hispanic                                                                                                                                                                                                ","392","20.7597911227154047"
"Caucasian                                                                                                                                                                                               ","398","20.2493573264781491"
